/*
	Civilization Unique Ability
	Author: Baconace
	Template by MC
*/

-----------------------------------------------
-- Types
-----------------------------------------------

INSERT INTO	Types
		(Type,												Kind			)
VALUES	('TRAIT_CIVILIZATION_BCA_VENGEANCE_PACT',		'KIND_TRAIT'	),
		('DYNAMIC_BCA_VENGEANCE_PACT_MODIFIER_PLAYER_CITIES_ADJUST_TRADE_ROUTE_YIELD_FOR_DOMESTIC', 'KIND_MODIFIER');

-----------------------------------------------
-- Traits
-----------------------------------------------

INSERT INTO	Traits	
		(TraitType,											Name,														Description														)
VALUES	('TRAIT_CIVILIZATION_BCA_VENGEANCE_PACT',		'LOC_TRAIT_CIVILIZATION_BCA_VENGEANCE_PACT_NAME',		'LOC_TRAIT_CIVILIZATION_BCA_VENGEANCE_PACT_DESCRIPTION'	);
		
-----------------------------------------------
-- CivilizationTraits
-----------------------------------------------

INSERT INTO	CivilizationTraits
		(CivilizationType,				TraitType										)
VALUES	('CIVILIZATION_BCA_ALETHKAR',		'TRAIT_CIVILIZATION_BCA_VENGEANCE_PACT'	);

-----------------------------------------------
-- TraitModifiers
-----------------------------------------------

INSERT INTO	TraitModifiers	
		(TraitType,											ModifierId											)
VALUES	('TRAIT_CIVILIZATION_BCA_VENGEANCE_PACT', 'MODIFIER_BCA_VENGEANCE_PACT_RANGED_BOOST'),
		('TRAIT_CIVILIZATION_BCA_VENGEANCE_PACT', 'MODIFIER_BCA_VENGEANCE_PACT_ANTI_CAVALRY_BOOST'),
		('TRAIT_CIVILIZATION_BCA_VENGEANCE_PACT', 'MODIFIER_BCA_VENGEANCE_PACT_DOMESTIC_PRODUCTION_YIELD_ONE'),
		('TRAIT_CIVILIZATION_BCA_VENGEANCE_PACT', 'MODIFIER_BCA_VENGEANCE_PACT_DOMESTIC_CULTURE_YIELD_ONE'),
		('TRAIT_CIVILIZATION_BCA_VENGEANCE_PACT', 'MODIFIER_BCA_VENGEANCE_PACT_DOMESTIC_PRODUCTION_YIELD_TWO'),
		('TRAIT_CIVILIZATION_BCA_VENGEANCE_PACT', 'MODIFIER_BCA_VENGEANCE_PACT_DOMESTIC_CULTURE_YIELD_TWO'),
		('TRAIT_CIVILIZATION_BCA_VENGEANCE_PACT', 'MODIFIER_BCA_VENGEANCE_PACT_DOMESTIC_PRODUCTION_YIELD_THREE'),
		('TRAIT_CIVILIZATION_BCA_VENGEANCE_PACT', 'MODIFIER_BCA_VENGEANCE_PACT_DOMESTIC_CULTURE_YIELD_THREE'),
		('TRAIT_CIVILIZATION_BCA_VENGEANCE_PACT', 'MODIFIER_BCA_VENGEANCE_PACT_FULLY_LOYAL_ENCAMPMENT_WAR');

-----------------------------------------------
-- DynamicModifiers
-----------------------------------------------

INSERT INTO DynamicModifiers
		(ModifierType, CollectionType, EffectType)
VALUES ('DYNAMIC_BCA_VENGEANCE_PACT_MODIFIER_PLAYER_CITIES_ADJUST_TRADE_ROUTE_YIELD_FOR_DOMESTIC', 'COLLECTION_PLAYER_CITIES', 'EFFECT_ADJUST_CITY_TRADE_ROUTE_YIELD_FOR_DOMESTIC');

-----------------------------------------------
-- Modifiers
-----------------------------------------------

INSERT INTO	Modifiers
		(ModifierId,											ModifierType,											RunOnce,		Permanent, SubjectRequirementSetId, OwnerRequirementSetId)
VALUES	('MODIFIER_BCA_VENGEANCE_PACT_RANGED_BOOST', 'MODIFIER_PLAYER_CITIES_ADJUST_UNIT_TAG_ERA_PRODUCTION', 0, 1, null, null),
		('MODIFIER_BCA_VENGEANCE_PACT_ANTI_CAVALRY_BOOST', 'MODIFIER_PLAYER_CITIES_ADJUST_UNIT_TAG_ERA_PRODUCTION', 0, 1, null, null),
		('MODIFIER_BCA_VENGEANCE_PACT_DOMESTIC_PRODUCTION_YIELD_ONE', 'DYNAMIC_BCA_VENGEANCE_PACT_MODIFIER_PLAYER_CITIES_ADJUST_TRADE_ROUTE_YIELD_FOR_DOMESTIC', 0, 1, 'REQSET_BCA_VENGEANCE_PACT_CITY_HAS_ENCAMPMENT_BUILDING_ONE', null),
		('MODIFIER_BCA_VENGEANCE_PACT_DOMESTIC_CULTURE_YIELD_ONE', 'DYNAMIC_BCA_VENGEANCE_PACT_MODIFIER_PLAYER_CITIES_ADJUST_TRADE_ROUTE_YIELD_FOR_DOMESTIC', 0, 1, 'REQSET_BCA_VENGEANCE_PACT_CITY_HAS_ENCAMPMENT_BUILDING_ONE', null),
		('MODIFIER_BCA_VENGEANCE_PACT_DOMESTIC_PRODUCTION_YIELD_TWO', 'DYNAMIC_BCA_VENGEANCE_PACT_MODIFIER_PLAYER_CITIES_ADJUST_TRADE_ROUTE_YIELD_FOR_DOMESTIC', 0, 1, 'REQSET_BCA_VENGEANCE_PACT_CITY_HAS_ENCAMPMENT_BUILDING_TWO', null),
		('MODIFIER_BCA_VENGEANCE_PACT_DOMESTIC_CULTURE_YIELD_TWO', 'DYNAMIC_BCA_VENGEANCE_PACT_MODIFIER_PLAYER_CITIES_ADJUST_TRADE_ROUTE_YIELD_FOR_DOMESTIC', 0, 1, 'REQSET_BCA_VENGEANCE_PACT_CITY_HAS_ENCAMPMENT_BUILDING_TWO', null),
		('MODIFIER_BCA_VENGEANCE_PACT_DOMESTIC_PRODUCTION_YIELD_THREE', 'DYNAMIC_BCA_VENGEANCE_PACT_MODIFIER_PLAYER_CITIES_ADJUST_TRADE_ROUTE_YIELD_FOR_DOMESTIC', 0, 1, 'REQSET_BCA_VENGEANCE_PACT_CITY_HAS_ENCAMPMENT_BUILDING_THREE', null),
		('MODIFIER_BCA_VENGEANCE_PACT_DOMESTIC_CULTURE_YIELD_THREE', 'DYNAMIC_BCA_VENGEANCE_PACT_MODIFIER_PLAYER_CITIES_ADJUST_TRADE_ROUTE_YIELD_FOR_DOMESTIC', 0, 1, 'REQSET_BCA_VENGEANCE_PACT_CITY_HAS_ENCAMPMENT_BUILDING_THREE', null),
		('MODIFIER_BCA_VENGEANCE_PACT_FULLY_LOYAL_ENCAMPMENT_WAR', 'MODIFIER_PLAYER_CITIES_ADJUST_ALWAYS_LOYAL', 0, 0, 'REQSET_BCA_VENGEANCE_PACT_CITY_HAS_ENCAMPMENT', 'REQSET_BCA_VENGEANCE_PACT_AT_WAR'); 

-----------------------------------------------
-- ModifierArguments
-----------------------------------------------

INSERT INTO	ModifierArguments
		(ModifierId,												Name,							Value									)
VALUES	('MODIFIER_BCA_VENGEANCE_PACT_RANGED_BOOST', 'Amount', '25'),
		('MODIFIER_BCA_VENGEANCE_PACT_RANGED_BOOST', 'EraType', 'NO_ERA'),
		('MODIFIER_BCA_VENGEANCE_PACT_RANGED_BOOST', 'UnitPromotionClass', 'PROMOTION_CLASS_RANGED'),
		('MODIFIER_BCA_VENGEANCE_PACT_ANTI_CAVALRY_BOOST', 'Amount', '25'),
		('MODIFIER_BCA_VENGEANCE_PACT_ANTI_CAVALRY_BOOST', 'EraType', 'NO_ERA'),
		('MODIFIER_BCA_VENGEANCE_PACT_ANTI_CAVALRY_BOOST', 'UnitPromotionClass', 'PROMOTION_CLASS_ANTI_CAVALRY'),
		('MODIFIER_BCA_VENGEANCE_PACT_DOMESTIC_PRODUCTION_YIELD_ONE', 'YieldType', 'YIELD_PRODUCTION'),
		('MODIFIER_BCA_VENGEANCE_PACT_DOMESTIC_PRODUCTION_YIELD_ONE', 'Amount', '3'),
		('MODIFIER_BCA_VENGEANCE_PACT_DOMESTIC_CULTURE_YIELD_ONE', 'YieldType', 'YIELD_CULTURE'),
		('MODIFIER_BCA_VENGEANCE_PACT_DOMESTIC_CULTURE_YIELD_ONE', 'Amount', '2'),
		('MODIFIER_BCA_VENGEANCE_PACT_DOMESTIC_PRODUCTION_YIELD_TWO', 'YieldType', 'YIELD_PRODUCTION'),
		('MODIFIER_BCA_VENGEANCE_PACT_DOMESTIC_PRODUCTION_YIELD_TWO', 'Amount', '3'),
		('MODIFIER_BCA_VENGEANCE_PACT_DOMESTIC_CULTURE_YIELD_TWO', 'YieldType', 'YIELD_CULTURE'),
		('MODIFIER_BCA_VENGEANCE_PACT_DOMESTIC_CULTURE_YIELD_TWO', 'Amount', '2'),
		('MODIFIER_BCA_VENGEANCE_PACT_DOMESTIC_PRODUCTION_YIELD_THREE', 'YieldType', 'YIELD_PRODUCTION'),
		('MODIFIER_BCA_VENGEANCE_PACT_DOMESTIC_PRODUCTION_YIELD_THREE', 'Amount', '3'),
		('MODIFIER_BCA_VENGEANCE_PACT_DOMESTIC_CULTURE_YIELD_THREE', 'YieldType', 'YIELD_CULTURE'),
		('MODIFIER_BCA_VENGEANCE_PACT_DOMESTIC_CULTURE_YIELD_THREE', 'Amount', '2'),
		('MODIFIER_BCA_VENGEANCE_PACT_FULLY_LOYAL_ENCAMPMENT_WAR', 'AlwaysLoyal', '1');

-------------------------------------
-- RequirementSets
-------------------------------------

INSERT INTO RequirementSets
		(RequirementSetId,						RequirementSetType				)
VALUES	('REQSET_BCA_VENGEANCE_PACT_CITY_HAS_ENCAMPMENT_BUILDING_ONE', 'REQUIREMENTSET_TEST_ANY'),
		('REQSET_BCA_VENGEANCE_PACT_CITY_HAS_ENCAMPMENT_BUILDING_TWO', 'REQUIREMENTSET_TEST_ALL'),
		('REQSET_BCA_VENGEANCE_PACT_CITY_HAS_ENCAMPMENT_BUILDING_THREE', 'REQUIREMENTSET_TEST_ALL'),
		('REQSET_BCA_VENGEANCE_PACT_CITY_HAS_ENCAMPMENT', 'REQUIREMENTSET_TEST_ALL'),
		('REQSET_BCA_VENGEANCE_PACT_AT_WAR', 'REQUIREMENTSET_TEST_ALL');
		
-------------------------------------
-- RequirementSetRequirements
-------------------------------------
INSERT INTO RequirementSetRequirements
		(RequirementSetId,						RequirementId									)
VALUES	('REQSET_BCA_VENGEANCE_PACT_CITY_HAS_ENCAMPMENT_BUILDING_ONE', 'REQUIREMENT_BCA_VENGEANCE_PACT_CITY_HAS_BARRACKS'),
		('REQSET_BCA_VENGEANCE_PACT_CITY_HAS_ENCAMPMENT_BUILDING_ONE', 'REQUIREMENT_BCA_VENGEANCE_PACT_CITY_HAS_STABLE'),
		('REQSET_BCA_VENGEANCE_PACT_CITY_HAS_ENCAMPMENT_BUILDING_TWO', 'REQUIREMENT_BCA_VENGEANCE_PACT_CITY_HAS_ARMORY'),
		('REQSET_BCA_VENGEANCE_PACT_CITY_HAS_ENCAMPMENT_BUILDING_THREE', 'REQUIREMENT_BCA_VENGEANCE_PACT_CITY_HAS_MILITARY_ACADEMY'),
		('REQSET_BCA_VENGEANCE_PACT_CITY_HAS_ENCAMPMENT', 'REQUIREMENT_BCA_VENGEANCE_PACT_CITY_HAS_ENCAMPMENT'),
		('REQSET_BCA_VENGEANCE_PACT_AT_WAR', 'REQUIREMENT_BCA_VENGEANCE_PACT_AT_WAR');

-------------------------------------
-- Requirements
-------------------------------------
INSERT INTO Requirements
		(RequirementId, 									RequirementType)
VALUES	('REQUIREMENT_BCA_VENGEANCE_PACT_CITY_HAS_BARRACKS', 'REQUIREMENT_CITY_HAS_BUILDING'),
		('REQUIREMENT_BCA_VENGEANCE_PACT_CITY_HAS_STABLE', 'REQUIREMENT_CITY_HAS_BUILDING'),
		('REQUIREMENT_BCA_VENGEANCE_PACT_CITY_HAS_ARMORY', 'REQUIREMENT_CITY_HAS_BUILDING'),
		('REQUIREMENT_BCA_VENGEANCE_PACT_CITY_HAS_MILITARY_ACADEMY', 'REQUIREMENT_CITY_HAS_BUILDING'),
		('REQUIREMENT_BCA_VENGEANCE_PACT_CITY_HAS_ENCAMPMENT', 'REQUIREMENT_CITY_HAS_DISTRICT'),
		('REQUIREMENT_BCA_VENGEANCE_PACT_AT_WAR', 'REQUIREMENT_PLAYER_IS_AT_WAR');
		
-------------------------------------
-- RequirementArguments
-------------------------------------
INSERT INTO RequirementArguments
		(RequirementId, 								Name,						Value							)
VALUES	('REQUIREMENT_BCA_VENGEANCE_PACT_CITY_HAS_BARRACKS', 'BuildingType', 'BUILDING_BARRACKS'),	
		('REQUIREMENT_BCA_VENGEANCE_PACT_CITY_HAS_STABLE', 'BuildingType', 'BUILDING_STABLE'),
		('REQUIREMENT_BCA_VENGEANCE_PACT_CITY_HAS_ARMORY', 'BuildingType', 'BUILDING_ARMORY'),
		('REQUIREMENT_BCA_VENGEANCE_PACT_CITY_HAS_MILITARY_ACADEMY', 'BuildingType', 'BUILDING_MILITARY_ACADEMY'),
		('REQUIREMENT_BCA_VENGEANCE_PACT_CITY_HAS_ENCAMPMENT', 'DistrictType', 'DISTRICT_ENCAMPMENT'),
		('REQUIREMENT_BCA_VENGEANCE_PACT_CITY_HAS_ENCAMPMENT', 'MustBeFunctioning', '1');
		