/*
	Civilization Unique Infrastructure
	Author: Baconace
	Template by MC
*/

-----------------------------------------------
-- Types
-----------------------------------------------		

INSERT OR REPLACE INTO Types	
		(Type,													Kind						)
VALUES	('TRAIT_CIVILIZATION_BUILDING_THAYLENAH_WET_DOCK',		'KIND_TRAIT'				),
		('BUILDING_BCA_WET_DOCK',								'KIND_BUILDING'			),
		('ABILITY_BCA_WET_DOCK_XP',								'KIND_ABILITY');

-----------------------------------------------
-- CivilizationTraits
-----------------------------------------------
		
INSERT INTO CivilizationTraits
		(TraitType,												CivilizationType			)
VALUES	('TRAIT_CIVILIZATION_BUILDING_THAYLENAH_WET_DOCK',		'CIVILIZATION_BCA_THAYLENAH'		);

-----------------------------------------------
-- Traits
-----------------------------------------------

INSERT INTO Traits
		(TraitType,												Name,											Description												)
VALUES	('TRAIT_CIVILIZATION_BUILDING_THAYLENAH_WET_DOCK',		'LOC_BUILDING_THAYLENAH_WET_DOCK_NAME',			'LOC_BUILDING_THAYLENAH_WET_DOCK_DESCRIPTION'		);

--------------------------------------------------------------------------------------------------------------------------
-- Buildings
--------------------------------------------------------------------------------------------------------------------------

INSERT INTO Buildings
		(
			BuildingType,
			Name,
			Description,
			TraitType,
			PrereqDistrict,
			PrereqTech,
			Cost,
			PurchaseYield,
			Maintenance,
			CitizenSlots,
			AdvisorType
		)
SELECT
			'BUILDING_BCA_WET_DOCK',
			'LOC_BUILDING_THAYLENAH_WET_DOCK_NAME',
			'LOC_BUILDING_THAYLENAH_WET_DOCK_DESCRIPTION',
			'TRAIT_CIVILIZATION_BUILDING_THAYLENAH_WET_DOCK',
			PrereqDistrict,
			PrereqTech,
			Cost,
			PurchaseYield,
			Maintenance,
			CitizenSlots,
			AdvisorType
FROM Buildings WHERE BuildingType = 'BUILDING_SHIPYARD';

-----------------------------------------------------------------------------------
-- BuildingReplaces
-----------------------------------------------------------------------------------

INSERT INTO BuildingReplaces
			(CivUniqueBuildingType,					ReplacesBuildingType)
VALUES		('BUILDING_BCA_WET_DOCK',			'BUILDING_SHIPYARD');

-----------------------------------------------------------------------------------
-- BuildingPrereqs
-----------------------------------------------------------------------------------

INSERT INTO BuildingPrereqs
			(Building,							PrereqBuilding)
SELECT		'BUILDING_BCA_WET_DOCK',			PrereqBuilding
FROM BuildingPrereqs WHERE Building = 'BUILDING_SHIPYARD';

INSERT INTO BuildingPrereqs
			(Building,							PrereqBuilding)
SELECT		 Building,							'BUILDING_BCA_WET_DOCK'
FROM BuildingPrereqs WHERE PrereqBuilding = 'BUILDING_SHIPYARD';

-----------------------------------------------------------------------------------
-- Building_YieldChanges
-----------------------------------------------------------------------------------

INSERT INTO Building_YieldChanges
		(BuildingType,							YieldType,		YieldChange)
SELECT	'BUILDING_BCA_WET_DOCK',				YieldType, 		YieldChange
FROM Building_YieldChanges WHERE BuildingType = 'BUILDING_SHIPYARD';

-----------------------------------------------------------------------------------
-- BuildingModifiers
-----------------------------------------------------------------------------------
 
INSERT INTO BuildingModifiers
			(BuildingType,							ModifierId)
VALUES		('BUILDING_BCA_WET_DOCK',				'MODIFIER_BCA_WET_DOCK_NAVAL_XP'),
			('BUILDING_BCA_WET_DOCK',				'MODIFIER_BCA_WET_DOCK_COAST_YIELDS_HARBOR'),
			('BUILDING_BCA_WET_DOCK',				'MODIFIER_BCA_WET_DOCK_COAST_YIELDS_CITY_CENTER'),
			('BUILDING_BCA_WET_DOCK',				'MODIFIER_BCA_WET_DOCK_COAST_YIELDS_COMMERCIAL_HUB'),
			('BUILDING_BCA_WET_DOCK',				'MODIFIER_BCA_WET_DOCK_COAST_YIELDS_INDUSTRIAL_ZONE'),
			('BUILDING_BCA_WET_DOCK',				'MODIFIER_BCA_WET_DOCK_COAST_YIELDS_ENTERTAINMENT_COMPLEX'),
			('BUILDING_BCA_WET_DOCK',				'MODIFIER_BCA_WET_DOCK_COAST_YIELDS_AQUEDUCT'),
			('BUILDING_BCA_WET_DOCK',				'MODIFIER_BCA_WET_DOCK_COAST_YIELDS_HOLY_SITE'),
			('BUILDING_BCA_WET_DOCK',				'MODIFIER_BCA_WET_DOCK_COAST_YIELDS_ENCAMPMENT'),
			('BUILDING_BCA_WET_DOCK',				'MODIFIER_BCA_WET_DOCK_COAST_YIELDS_AERODROME'),
			('BUILDING_BCA_WET_DOCK',				'MODIFIER_BCA_WET_DOCK_COAST_YIELDS_NEIGHBORHOOD'),
			('BUILDING_BCA_WET_DOCK',				'MODIFIER_BCA_WET_DOCK_COAST_YIELDS_SPACEPORT'),
			('BUILDING_BCA_WET_DOCK',				'MODIFIER_BCA_WET_DOCK_COAST_YIELDS_PRESERVE'),
			('BUILDING_BCA_WET_DOCK',				'MODIFIER_BCA_WET_DOCK_COAST_YIELDS_DIPLOMATIC_QUARTER'),
			('BUILDING_BCA_WET_DOCK',				'MODIFIER_BCA_WET_DOCK_COAST_YIELDS_GOVERNMENT'),
			('BUILDING_BCA_WET_DOCK',				'MODIFIER_BCA_WET_DOCK_COAST_YIELDS_CANAL'),
			('BUILDING_BCA_WET_DOCK',				'MODIFIER_BCA_WET_DOCK_COAST_YIELDS_DAM'),
			('BUILDING_BCA_WET_DOCK',				'MODIFIER_BCA_WET_DOCK_COAST_YIELDS_THEATER'),
			('BUILDING_BCA_WET_DOCK',				'MODIFIER_BCA_WET_DOCK_COAST_YIELDS_CAMPUS');

-----------------------------------------------------------------------------------
-- Building_YieldDistrictCopies
-----------------------------------------------------------------------------------

INSERT INTO Building_YieldDistrictCopies
			(BuildingType,							OldYieldType,						NewYieldType)
SELECT		'BUILDING_BCA_WET_DOCK',				OldYieldType,						NewYieldType
FROM Building_YieldDistrictCopies WHERE BuildingType = 'BUILDING_SHIPYARD';

-----------------------------------------------------------------------------------
-- Building_GreatPersonPoints
-----------------------------------------------------------------------------------

INSERT INTO Building_GreatPersonPoints
		(BuildingType,							GreatPersonClassType,			PointsPerTurn)
VALUES	('BUILDING_BCA_WET_DOCK',				'GREAT_PERSON_CLASS_ADMIRAL',	2);









-----------------------------------------------
-- Modifiers
-----------------------------------------------

INSERT INTO	Modifiers
		(ModifierId,											ModifierType, Permanent, SubjectRequirementSetID)
VALUES	('MODIFIER_BCA_WET_DOCK_NAVAL_XP', 'MODIFIER_SINGLE_CITY_GRANT_ABILITY_FOR_TRAINED_UNITS', 1, null),
		('MODIFIER_BCA_WET_DOCK_XP_BOOST', 'MODIFIER_PLAYER_UNIT_ADJUST_UNIT_EXPERIENCE_MODIFIER', 1, null),
		('MODIFIER_BCA_WET_DOCK_COAST_YIELDS_HARBOR', 'MODIFIER_CITY_PLOT_YIELDS_ADJUST_PLOT_YIELD', 1, 'REQSET_BCA_WET_DOCK_COAST_ADJACENT_TO_HARBOR'),
		('MODIFIER_BCA_WET_DOCK_COAST_YIELDS_CITY_CENTER', 'MODIFIER_CITY_PLOT_YIELDS_ADJUST_PLOT_YIELD', 1, 'REQSET_BCA_WET_DOCK_COAST_ADJACENT_TO_CITY_CENTER'),
		('MODIFIER_BCA_WET_DOCK_COAST_YIELDS_CAMPUS', 'MODIFIER_CITY_PLOT_YIELDS_ADJUST_PLOT_YIELD', 1, 'REQSET_BCA_WET_DOCK_COAST_ADJACENT_TO_CAMPUS'),
		('MODIFIER_BCA_WET_DOCK_COAST_YIELDS_COMMERCIAL_HUB', 'MODIFIER_CITY_PLOT_YIELDS_ADJUST_PLOT_YIELD', 1, 'REQSET_BCA_WET_DOCK_COAST_ADJACENT_TO_COMMERCIAL_HUB'),
		('MODIFIER_BCA_WET_DOCK_COAST_YIELDS_INDUSTRIAL_ZONE', 'MODIFIER_CITY_PLOT_YIELDS_ADJUST_PLOT_YIELD', 1, 'REQSET_BCA_WET_DOCK_COAST_ADJACENT_TO_INDUSTRIAL_ZONE'),
		('MODIFIER_BCA_WET_DOCK_COAST_YIELDS_ENTERTAINMENT_COMPLEX', 'MODIFIER_CITY_PLOT_YIELDS_ADJUST_PLOT_YIELD', 1, 'REQSET_BCA_WET_DOCK_COAST_ADJACENT_TO_ENTERTAINMENT_COMPLEX'),
		('MODIFIER_BCA_WET_DOCK_COAST_YIELDS_AQUEDUCT', 'MODIFIER_CITY_PLOT_YIELDS_ADJUST_PLOT_YIELD', 1, 'REQSET_BCA_WET_DOCK_COAST_ADJACENT_TO_AQUEDUCT'),
		('MODIFIER_BCA_WET_DOCK_COAST_YIELDS_HOLY_SITE', 'MODIFIER_CITY_PLOT_YIELDS_ADJUST_PLOT_YIELD', 1, 'REQSET_BCA_WET_DOCK_COAST_ADJACENT_TO_HOLY_SITE'),
		('MODIFIER_BCA_WET_DOCK_COAST_YIELDS_ENCAMPMENT', 'MODIFIER_CITY_PLOT_YIELDS_ADJUST_PLOT_YIELD', 1, 'REQSET_BCA_WET_DOCK_COAST_ADJACENT_TO_ENCAMPMENT'),
		('MODIFIER_BCA_WET_DOCK_COAST_YIELDS_AERODROME', 'MODIFIER_CITY_PLOT_YIELDS_ADJUST_PLOT_YIELD', 1, 'REQSET_BCA_WET_DOCK_COAST_ADJACENT_TO_AERODROME'),
		('MODIFIER_BCA_WET_DOCK_COAST_YIELDS_NEIGHBORHOOD', 'MODIFIER_CITY_PLOT_YIELDS_ADJUST_PLOT_YIELD', 1, 'REQSET_BCA_WET_DOCK_COAST_ADJACENT_TO_NEIGHBORHOOD'),
		('MODIFIER_BCA_WET_DOCK_COAST_YIELDS_SPACEPORT', 'MODIFIER_CITY_PLOT_YIELDS_ADJUST_PLOT_YIELD', 1, 'REQSET_BCA_WET_DOCK_COAST_ADJACENT_TO_SPACEPORT'),
		('MODIFIER_BCA_WET_DOCK_COAST_YIELDS_PRESERVE', 'MODIFIER_CITY_PLOT_YIELDS_ADJUST_PLOT_YIELD', 1, 'REQSET_BCA_WET_DOCK_COAST_ADJACENT_TO_PRESERVE'),
		('MODIFIER_BCA_WET_DOCK_COAST_YIELDS_DIPLOMATIC_QUARTER', 'MODIFIER_CITY_PLOT_YIELDS_ADJUST_PLOT_YIELD', 1, 'REQSET_BCA_WET_DOCK_COAST_ADJACENT_TO_DIPLOMATIC_QUARTER'),
		('MODIFIER_BCA_WET_DOCK_COAST_YIELDS_GOVERNMENT', 'MODIFIER_CITY_PLOT_YIELDS_ADJUST_PLOT_YIELD', 1, 'REQSET_BCA_WET_DOCK_COAST_ADJACENT_TO_GOVERNMENT'),
		('MODIFIER_BCA_WET_DOCK_COAST_YIELDS_CANAL', 'MODIFIER_CITY_PLOT_YIELDS_ADJUST_PLOT_YIELD', 1, 'REQSET_BCA_WET_DOCK_COAST_ADJACENT_TO_CANAL'),
		('MODIFIER_BCA_WET_DOCK_COAST_YIELDS_DAM', 'MODIFIER_CITY_PLOT_YIELDS_ADJUST_PLOT_YIELD', 1, 'REQSET_BCA_WET_DOCK_COAST_ADJACENT_TO_DAM'),
		('MODIFIER_BCA_WET_DOCK_COAST_YIELDS_THEATER', 'MODIFIER_CITY_PLOT_YIELDS_ADJUST_PLOT_YIELD', 1, 'REQSET_BCA_WET_DOCK_COAST_ADJACENT_TO_THEATER');

-----------------------------------------------
-- ModifierArguments
-----------------------------------------------

INSERT INTO	ModifierArguments
		(ModifierId,												Name,							Value							)
VALUES	('MODIFIER_BCA_WET_DOCK_NAVAL_XP', 'AbilityType', 'ABILITY_BCA_WET_DOCK_XP'), 
		('MODIFIER_BCA_WET_DOCK_XP_BOOST', 'Amount', '50'),
		('MODIFIER_BCA_WET_DOCK_COAST_YIELDS_HARBOR', 'Amount', '1,2'),
		('MODIFIER_BCA_WET_DOCK_COAST_YIELDS_HARBOR', 'YieldType', 'YIELD_PRODUCTION,YIELD_GOLD'),
		('MODIFIER_BCA_WET_DOCK_COAST_YIELDS_CITY_CENTER', 'Amount', '1,2'),
		('MODIFIER_BCA_WET_DOCK_COAST_YIELDS_CITY_CENTER', 'YieldType', 'YIELD_PRODUCTION,YIELD_GOLD'),
		('MODIFIER_BCA_WET_DOCK_COAST_YIELDS_CAMPUS', 'Amount', '1,2'),
		('MODIFIER_BCA_WET_DOCK_COAST_YIELDS_CAMPUS', 'YieldType', 'YIELD_PRODUCTION,YIELD_GOLD'),
		('MODIFIER_BCA_WET_DOCK_COAST_YIELDS_COMMERCIAL_HUB', 'Amount', '1,2'),
		('MODIFIER_BCA_WET_DOCK_COAST_YIELDS_COMMERCIAL_HUB', 'YieldType', 'YIELD_PRODUCTION,YIELD_GOLD'),
		('MODIFIER_BCA_WET_DOCK_COAST_YIELDS_INDUSTRIAL_ZONE', 'Amount', '1,2'),
		('MODIFIER_BCA_WET_DOCK_COAST_YIELDS_INDUSTRIAL_ZONE', 'YieldType', 'YIELD_PRODUCTION,YIELD_GOLD'),
		('MODIFIER_BCA_WET_DOCK_COAST_YIELDS_ENTERTAINMENT_COMPLEX', 'Amount', '1,2'),
		('MODIFIER_BCA_WET_DOCK_COAST_YIELDS_ENTERTAINMENT_COMPLEX', 'YieldType', 'YIELD_PRODUCTION,YIELD_GOLD'),
		('MODIFIER_BCA_WET_DOCK_COAST_YIELDS_AQUEDUCT', 'Amount', '1,2'),
		('MODIFIER_BCA_WET_DOCK_COAST_YIELDS_AQUEDUCT', 'YieldType', 'YIELD_PRODUCTION,YIELD_GOLD'),
		('MODIFIER_BCA_WET_DOCK_COAST_YIELDS_HOLY_SITE', 'Amount', '1,2'),
		('MODIFIER_BCA_WET_DOCK_COAST_YIELDS_HOLY_SITE', 'YieldType', 'YIELD_PRODUCTION,YIELD_GOLD'),
		('MODIFIER_BCA_WET_DOCK_COAST_YIELDS_ENCAMPMENT', 'Amount', '1,2'),
		('MODIFIER_BCA_WET_DOCK_COAST_YIELDS_ENCAMPMENT', 'YieldType', 'YIELD_PRODUCTION,YIELD_GOLD'),
		('MODIFIER_BCA_WET_DOCK_COAST_YIELDS_AERODROME', 'Amount', '1,2'),
		('MODIFIER_BCA_WET_DOCK_COAST_YIELDS_AERODROME', 'YieldType', 'YIELD_PRODUCTION,YIELD_GOLD'),
		('MODIFIER_BCA_WET_DOCK_COAST_YIELDS_NEIGHBORHOOD', 'Amount', '1,2'),
		('MODIFIER_BCA_WET_DOCK_COAST_YIELDS_NEIGHBORHOOD', 'YieldType', 'YIELD_PRODUCTION,YIELD_GOLD'),
		('MODIFIER_BCA_WET_DOCK_COAST_YIELDS_SPACEPORT', 'Amount', '1,2'),
		('MODIFIER_BCA_WET_DOCK_COAST_YIELDS_SPACEPORT', 'YieldType', 'YIELD_PRODUCTION,YIELD_GOLD'),
		('MODIFIER_BCA_WET_DOCK_COAST_YIELDS_PRESERVE', 'Amount', '1,2'),
		('MODIFIER_BCA_WET_DOCK_COAST_YIELDS_PRESERVE', 'YieldType', 'YIELD_PRODUCTION,YIELD_GOLD'),
		('MODIFIER_BCA_WET_DOCK_COAST_YIELDS_DIPLOMATIC_QUARTER', 'Amount', '1,2'),
		('MODIFIER_BCA_WET_DOCK_COAST_YIELDS_DIPLOMATIC_QUARTER', 'YieldType', 'YIELD_PRODUCTION,YIELD_GOLD'),
		('MODIFIER_BCA_WET_DOCK_COAST_YIELDS_GOVERNMENT', 'Amount', '1,2'),
		('MODIFIER_BCA_WET_DOCK_COAST_YIELDS_GOVERNMENT', 'YieldType', 'YIELD_PRODUCTION,YIELD_GOLD'),
		('MODIFIER_BCA_WET_DOCK_COAST_YIELDS_CANAL', 'Amount', '1,2'),
		('MODIFIER_BCA_WET_DOCK_COAST_YIELDS_CANAL', 'YieldType', 'YIELD_PRODUCTION,YIELD_GOLD'),
		('MODIFIER_BCA_WET_DOCK_COAST_YIELDS_DAM', 'Amount', '1,2'),
		('MODIFIER_BCA_WET_DOCK_COAST_YIELDS_DAM', 'YieldType', 'YIELD_PRODUCTION,YIELD_GOLD'),
		('MODIFIER_BCA_WET_DOCK_COAST_YIELDS_THEATER', 'Amount', '1,2'),
		('MODIFIER_BCA_WET_DOCK_COAST_YIELDS_THEATER', 'YieldType', 'YIELD_PRODUCTION,YIELD_GOLD');

-------------------------------------
-- RequirementSets
-------------------------------------

INSERT INTO RequirementSets
		(RequirementSetId,						RequirementSetType				)
VALUES	('REQSET_BCA_WET_DOCK_COAST_ADJACENT_TO_HARBOR', 'REQUIREMENTSET_TEST_ALL'),
		('REQSET_BCA_WET_DOCK_COAST_ADJACENT_TO_CITY_CENTER', 'REQUIREMENTSET_TEST_ALL'),
		('REQSET_BCA_WET_DOCK_COAST_ADJACENT_TO_CAMPUS', 'REQUIREMENTSET_TEST_ALL'),
		('REQSET_BCA_WET_DOCK_COAST_ADJACENT_TO_COMMERCIAL_HUB', 'REQUIREMENTSET_TEST_ALL'),
		('REQSET_BCA_WET_DOCK_COAST_ADJACENT_TO_INDUSTRIAL_ZONE', 'REQUIREMENTSET_TEST_ALL'),
		('REQSET_BCA_WET_DOCK_COAST_ADJACENT_TO_THEATER', 'REQUIREMENTSET_TEST_ALL'),
		('REQSET_BCA_WET_DOCK_COAST_ADJACENT_TO_ENTERTAINMENT_COMPLEX', 'REQUIREMENTSET_TEST_ALL'),
		('REQSET_BCA_WET_DOCK_COAST_ADJACENT_TO_AQUEDUCT', 'REQUIREMENTSET_TEST_ALL'),
		('REQSET_BCA_WET_DOCK_COAST_ADJACENT_TO_HOLY_SITE', 'REQUIREMENTSET_TEST_ALL'),
		('REQSET_BCA_WET_DOCK_COAST_ADJACENT_TO_ENCAMPMENT', 'REQUIREMENTSET_TEST_ALL'),
		('REQSET_BCA_WET_DOCK_COAST_ADJACENT_TO_AERODROME', 'REQUIREMENTSET_TEST_ALL'),
		('REQSET_BCA_WET_DOCK_COAST_ADJACENT_TO_NEIGHBORHOOD', 'REQUIREMENTSET_TEST_ALL'),
		('REQSET_BCA_WET_DOCK_COAST_ADJACENT_TO_SPACEPORT', 'REQUIREMENTSET_TEST_ALL'),
		('REQSET_BCA_WET_DOCK_COAST_ADJACENT_TO_PRESERVE', 'REQUIREMENTSET_TEST_ALL'),
		('REQSET_BCA_WET_DOCK_COAST_ADJACENT_TO_DIPLOMATIC_QUARTER', 'REQUIREMENTSET_TEST_ALL'),
		('REQSET_BCA_WET_DOCK_COAST_ADJACENT_TO_GOVERNMENT', 'REQUIREMENTSET_TEST_ALL'),
		('REQSET_BCA_WET_DOCK_COAST_ADJACENT_TO_CANAL', 'REQUIREMENTSET_TEST_ALL'),
		('REQSET_BCA_WET_DOCK_COAST_ADJACENT_TO_DAM', 'REQUIREMENTSET_TEST_ALL');

-------------------------------------
-- RequirementSetRequirements
-------------------------------------
INSERT INTO RequirementSetRequirements
		(RequirementSetId,						RequirementId									)
VALUES	('REQSET_BCA_WET_DOCK_COAST_ADJACENT_TO_CITY_CENTER', 'REQUIREMENT_BCA_WET_DOCK_ADJACENT_TO_CITY_CENTER'),
		('REQSET_BCA_WET_DOCK_COAST_ADJACENT_TO_CITY_CENTER', 'REQUIREMENT_BCA_WET_DOCK_IS_COAST'),
		('REQSET_BCA_WET_DOCK_COAST_ADJACENT_TO_CAMPUS', 'REQUIREMENT_BCA_WET_DOCK_ADJACENT_TO_CAMPUS'),
		('REQSET_BCA_WET_DOCK_COAST_ADJACENT_TO_CAMPUS', 'REQUIREMENT_BCA_WET_DOCK_IS_COAST'),
		('REQSET_BCA_WET_DOCK_COAST_ADJACENT_TO_COMMERCIAL_HUB', 'REQUIREMENT_BCA_WET_DOCK_ADJACENT_TO_COMMERCIAL_HUB'),
		('REQSET_BCA_WET_DOCK_COAST_ADJACENT_TO_COMMERCIAL_HUB', 'REQUIREMENT_BCA_WET_DOCK_IS_COAST'),
		('REQSET_BCA_WET_DOCK_COAST_ADJACENT_TO_INDUSTRIAL_ZONE', 'REQUIREMENT_BCA_WET_DOCK_ADJACENT_TO_INDUSTRIAL_ZONE'),
		('REQSET_BCA_WET_DOCK_COAST_ADJACENT_TO_INDUSTRIAL_ZONE', 'REQUIREMENT_BCA_WET_DOCK_IS_COAST'),
		('REQSET_BCA_WET_DOCK_COAST_ADJACENT_TO_THEATER', 'REQUIREMENT_BCA_WET_DOCK_ADJACENT_TO_THEATER'),
		('REQSET_BCA_WET_DOCK_COAST_ADJACENT_TO_THEATER', 'REQUIREMENT_BCA_WET_DOCK_IS_COAST'),
		('REQSET_BCA_WET_DOCK_COAST_ADJACENT_TO_AQUEDUCT', 'REQUIREMENT_BCA_WET_DOCK_ADJACENT_TO_AQUEDUCT'),
		('REQSET_BCA_WET_DOCK_COAST_ADJACENT_TO_AQUEDUCT', 'REQUIREMENT_BCA_WET_DOCK_IS_COAST'),
		('REQSET_BCA_WET_DOCK_COAST_ADJACENT_TO_HOLY_SITE', 'REQUIREMENT_BCA_WET_DOCK_ADJACENT_TO_HOLY_SITE'),
		('REQSET_BCA_WET_DOCK_COAST_ADJACENT_TO_HOLY_SITE', 'REQUIREMENT_BCA_WET_DOCK_IS_COAST'),
		('REQSET_BCA_WET_DOCK_COAST_ADJACENT_TO_ENCAMPMENT', 'REQUIREMENT_BCA_WET_DOCK_ADJACENT_TO_ENCAMPMENT'),
		('REQSET_BCA_WET_DOCK_COAST_ADJACENT_TO_ENCAMPMENT', 'REQUIREMENT_BCA_WET_DOCK_IS_COAST'),
		('REQSET_BCA_WET_DOCK_COAST_ADJACENT_TO_AERODROME', 'REQUIREMENT_BCA_WET_DOCK_ADJACENT_TO_AERODROME'),
		('REQSET_BCA_WET_DOCK_COAST_ADJACENT_TO_AERODROME', 'REQUIREMENT_BCA_WET_DOCK_IS_COAST'),
		('REQSET_BCA_WET_DOCK_COAST_ADJACENT_TO_NEIGHBORHOOD', 'REQUIREMENT_BCA_WET_DOCK_ADJACENT_TO_NEIGHBORHOOD'),
		('REQSET_BCA_WET_DOCK_COAST_ADJACENT_TO_NEIGHBORHOOD', 'REQUIREMENT_BCA_WET_DOCK_IS_COAST'),
		('REQSET_BCA_WET_DOCK_COAST_ADJACENT_TO_SPACEPORT', 'REQUIREMENT_BCA_WET_DOCK_ADJACENT_TO_SPACEPORT'),
		('REQSET_BCA_WET_DOCK_COAST_ADJACENT_TO_SPACEPORT', 'REQUIREMENT_BCA_WET_DOCK_IS_COAST'),
		('REQSET_BCA_WET_DOCK_COAST_ADJACENT_TO_PRESERVE', 'REQUIREMENT_BCA_WET_DOCK_ADJACENT_TO_PRESERVE'),
		('REQSET_BCA_WET_DOCK_COAST_ADJACENT_TO_PRESERVE', 'REQUIREMENT_BCA_WET_DOCK_IS_COAST'),
		('REQSET_BCA_WET_DOCK_COAST_ADJACENT_TO_DIPLOMATIC_QUARTER', 'REQUIREMENT_BCA_WET_DOCK_ADJACENT_TO_DIPLOMATIC_QUARTER'),
		('REQSET_BCA_WET_DOCK_COAST_ADJACENT_TO_DIPLOMATIC_QUARTER', 'REQUIREMENT_BCA_WET_DOCK_IS_COAST'),
		('REQSET_BCA_WET_DOCK_COAST_ADJACENT_TO_GOVERNMENT', 'REQUIREMENT_BCA_WET_DOCK_ADJACENT_TO_GOVERNMENT'),
		('REQSET_BCA_WET_DOCK_COAST_ADJACENT_TO_GOVERNMENT', 'REQUIREMENT_BCA_WET_DOCK_IS_COAST'),
		('REQSET_BCA_WET_DOCK_COAST_ADJACENT_TO_CANAL', 'REQUIREMENT_BCA_WET_DOCK_ADJACENT_TO_CANAL'),
		('REQSET_BCA_WET_DOCK_COAST_ADJACENT_TO_CANAL', 'REQUIREMENT_BCA_WET_DOCK_IS_COAST'),
		('REQSET_BCA_WET_DOCK_COAST_ADJACENT_TO_DAM', 'REQUIREMENT_BCA_WET_DOCK_ADJACENT_TO_DAM'),
		('REQSET_BCA_WET_DOCK_COAST_ADJACENT_TO_DAM', 'REQUIREMENT_BCA_WET_DOCK_IS_COAST'),
		('REQSET_BCA_WET_DOCK_COAST_ADJACENT_TO_ENTERTAINMENT_COMPLEX', 'REQUIREMENT_BCA_WET_DOCK_ADJACENT_TO_ENTERTAINMENT_COMPLEX'),
		('REQSET_BCA_WET_DOCK_COAST_ADJACENT_TO_ENTERTAINMENT_COMPLEX', 'REQUIREMENT_BCA_WET_DOCK_IS_COAST'),
		('REQSET_BCA_WET_DOCK_COAST_ADJACENT_TO_HARBOR', 'REQUIREMENT_BCA_WET_DOCK_ADJACENT_TO_HARBOR'),
		('REQSET_BCA_WET_DOCK_COAST_ADJACENT_TO_HARBOR', 'REQUIREMENT_BCA_WET_DOCK_IS_COAST');


-------------------------------------
-- Requirements
-------------------------------------
INSERT INTO Requirements
		(RequirementId, 									RequirementType)
VALUES	('REQUIREMENT_BCA_WET_DOCK_ADJACENT_TO_HARBOR', 'REQUIREMENT_PLOT_ADJACENT_DISTRICT_TYPE_MATCHES'),
		('REQUIREMENT_BCA_WET_DOCK_ADJACENT_TO_CITY_CENTER', 'REQUIREMENT_PLOT_ADJACENT_DISTRICT_TYPE_MATCHES'),
		('REQUIREMENT_BCA_WET_DOCK_ADJACENT_TO_CAMPUS', 'REQUIREMENT_PLOT_ADJACENT_DISTRICT_TYPE_MATCHES'),
		('REQUIREMENT_BCA_WET_DOCK_ADJACENT_TO_COMMERCIAL_HUB', 'REQUIREMENT_PLOT_ADJACENT_DISTRICT_TYPE_MATCHES'),
		('REQUIREMENT_BCA_WET_DOCK_ADJACENT_TO_INDUSTRIAL_ZONE', 'REQUIREMENT_PLOT_ADJACENT_DISTRICT_TYPE_MATCHES'),
		('REQUIREMENT_BCA_WET_DOCK_ADJACENT_TO_ENTERTAINMENT_COMPLEX', 'REQUIREMENT_PLOT_ADJACENT_DISTRICT_TYPE_MATCHES'),
		('REQUIREMENT_BCA_WET_DOCK_ADJACENT_TO_THEATER', 'REQUIREMENT_PLOT_ADJACENT_DISTRICT_TYPE_MATCHES'),
		('REQUIREMENT_BCA_WET_DOCK_ADJACENT_TO_AQUEDUCT', 'REQUIREMENT_PLOT_ADJACENT_DISTRICT_TYPE_MATCHES'),
		('REQUIREMENT_BCA_WET_DOCK_ADJACENT_TO_HOLY_SITE', 'REQUIREMENT_PLOT_ADJACENT_DISTRICT_TYPE_MATCHES'),
		('REQUIREMENT_BCA_WET_DOCK_ADJACENT_TO_ENCAMPMENT', 'REQUIREMENT_PLOT_ADJACENT_DISTRICT_TYPE_MATCHES'),
		('REQUIREMENT_BCA_WET_DOCK_ADJACENT_TO_AERODROME', 'REQUIREMENT_PLOT_ADJACENT_DISTRICT_TYPE_MATCHES'),
		('REQUIREMENT_BCA_WET_DOCK_ADJACENT_TO_NEIGHBORHOOD', 'REQUIREMENT_PLOT_ADJACENT_DISTRICT_TYPE_MATCHES'),
		('REQUIREMENT_BCA_WET_DOCK_ADJACENT_TO_SPACEPORT', 'REQUIREMENT_PLOT_ADJACENT_DISTRICT_TYPE_MATCHES'),
		('REQUIREMENT_BCA_WET_DOCK_ADJACENT_TO_PRESERVE', 'REQUIREMENT_PLOT_ADJACENT_DISTRICT_TYPE_MATCHES'),
		('REQUIREMENT_BCA_WET_DOCK_ADJACENT_TO_DIPLOMATIC_QUARTER', 'REQUIREMENT_PLOT_ADJACENT_DISTRICT_TYPE_MATCHES'),
		('REQUIREMENT_BCA_WET_DOCK_ADJACENT_TO_GOVERNMENT', 'REQUIREMENT_PLOT_ADJACENT_DISTRICT_TYPE_MATCHES'),
		('REQUIREMENT_BCA_WET_DOCK_ADJACENT_TO_CANAL', 'REQUIREMENT_PLOT_ADJACENT_DISTRICT_TYPE_MATCHES'),
		('REQUIREMENT_BCA_WET_DOCK_ADJACENT_TO_DAM', 'REQUIREMENT_PLOT_ADJACENT_DISTRICT_TYPE_MATCHES'),
		('REQUIREMENT_BCA_WET_DOCK_IS_COAST', 'REQUIREMENT_PLOT_TERRAIN_TYPE_MATCHES');

-------------------------------------
-- RequirementArguments
-------------------------------------
INSERT INTO RequirementArguments
		(RequirementId, 								Name,						Value							)
VALUES	('REQUIREMENT_BCA_WET_DOCK_IS_COAST', 'TerrainType', 'TERRAIN_COAST'),
		('REQUIREMENT_BCA_WET_DOCK_ADJACENT_TO_HARBOR', 'DistrictType', 'DISTRICT_HARBOR'),
		('REQUIREMENT_BCA_WET_DOCK_ADJACENT_TO_CITY_CENTER', 'DistrictType', 'DISTRICT_CITY_CENTER'),
		('REQUIREMENT_BCA_WET_DOCK_ADJACENT_TO_CAMPUS', 'DistrictType', 'DISTRICT_CAMPUS'),
		('REQUIREMENT_BCA_WET_DOCK_ADJACENT_TO_COMMERCIAL_HUB', 'DistrictType', 'DISTRICT_COMMERCIAL_HUB'),
		('REQUIREMENT_BCA_WET_DOCK_ADJACENT_TO_INDUSTRIAL_ZONE', 'DistrictType', 'DISTRICT_INDUSTRIAL_ZONE'),
		('REQUIREMENT_BCA_WET_DOCK_ADJACENT_TO_ENTERTAINMENT_COMPLEX', 'DistrictType', 'DISTRICT_ENTERTAINMENT_COMPLEX'),
		('REQUIREMENT_BCA_WET_DOCK_ADJACENT_TO_THEATER', 'DistrictType', 'DISTRICT_THEATER'),
		('REQUIREMENT_BCA_WET_DOCK_ADJACENT_TO_AQUEDUCT', 'DistrictType', 'DISTRICT_AQUEDUCT'),
		('REQUIREMENT_BCA_WET_DOCK_ADJACENT_TO_HOLY_SITE', 'DistrictType', 'DISTRICT_HOLY_SITE'),
		('REQUIREMENT_BCA_WET_DOCK_ADJACENT_TO_ENCAMPMENT', 'DistrictType', 'DISTRICT_ENCAMPMENT'),
		('REQUIREMENT_BCA_WET_DOCK_ADJACENT_TO_AERODROME', 'DistrictType', 'DISTRICT_AERODROME'),
		('REQUIREMENT_BCA_WET_DOCK_ADJACENT_TO_NEIGHBORHOOD', 'DistrictType', 'DISTRICT_NEIGHBORHOOD'),
		('REQUIREMENT_BCA_WET_DOCK_ADJACENT_TO_SPACEPORT', 'DistrictType', 'DISTRICT_SPACEPORT'),
		('REQUIREMENT_BCA_WET_DOCK_ADJACENT_TO_PRESERVE', 'DistrictType', 'DISTRICT_PRESERVE'),
		('REQUIREMENT_BCA_WET_DOCK_ADJACENT_TO_DIPLOMATIC_QUARTER', 'DistrictType', 'DISTRICT_DIPLOMATIC_QUARTER'),
		('REQUIREMENT_BCA_WET_DOCK_ADJACENT_TO_GOVERNMENT', 'DistrictType', 'DISTRICT_GOVERNMENT'),
		('REQUIREMENT_BCA_WET_DOCK_ADJACENT_TO_CANAL', 'DistrictType', 'DISTRICT_CANAL'),
		('REQUIREMENT_BCA_WET_DOCK_ADJACENT_TO_DAM', 'DistrictType', 'DISTRICT_DAM');

-----------------------------------------------
-- TypeTags
-----------------------------------------------

INSERT INTO TypeTags
		(Type,						Tag						)
VALUES	('ABILITY_BCA_WET_DOCK_XP',	'CLASS_NAVAL_MELEE'	),
		('ABILITY_BCA_WET_DOCK_XP',	'CLASS_NAVAL_RANGED'	),
		('ABILITY_BCA_WET_DOCK_XP',	'CLASS_NAVAL_RAIDER'	),
		('ABILITY_BCA_WET_DOCK_XP',	'CLASS_NAVAL_CARRIER'	);

-----------------------------------------------
-- UnitAbilities
-----------------------------------------------

INSERT INTO UnitAbilities
		(UnitAbilityType,			Name,								Description,	Inactive					)
VALUES	('ABILITY_BCA_WET_DOCK_XP',	'LOC_ABILITY_BCA_WET_DOCK_XP_NAME',		'LOC_ABILITY_BCA_WET_DOCK_XP', 1		);

-----------------------------------------------
-- UnitAbilityModifiers
-----------------------------------------------

INSERT INTO UnitAbilityModifiers
		(UnitAbilityType,				ModifierId									)
VALUES	('ABILITY_BCA_WET_DOCK_XP',		'MODIFIER_BCA_WET_DOCK_XP_BOOST'	);
