/*
	Leader Unique Ability
	Author: Baconace
	Template by MC
*/

-----------------------------------------------
-- Types
-----------------------------------------------

INSERT INTO	Types
		(Type,												Kind			)
VALUES	('TRAIT_LEADER_BCA_TRADING_FLEETS',			'KIND_TRAIT'	),
		('MODIFIER_BCA_TRADING_FLEETS_PLAYER_ADJUST_TRADE_ROUTE_YIELD_PER_IMPROVEMENT_AT_ORIGIN', 'KIND_MODIFIER'),
		('MODIFIER_BCA_TRADING_FLEETS_PLAYER_ADJUST_TRADE_ROUTE_YIELD_PER_IMPROVEMENT_AT_TARGET', 'KIND_MODIFIER');

-----------------------------------------------
-- Traits
-----------------------------------------------

INSERT INTO	Traits
		(TraitType,									Name,												Description												)
VALUES	('TRAIT_LEADER_BCA_TRADING_FLEETS',	'LOC_TRAIT_LEADER_BCA_TRADING_FLEETS_NAME',	'LOC_TRAIT_LEADER_BCA_TRADING_FLEETS_DESCRIPTION'	);
		
-----------------------------------------------
-- LeaderTraits
-----------------------------------------------

INSERT INTO	LeaderTraits
		(LeaderType,			TraitType								)
VALUES	('LEADER_BCA_FEN',	'TRAIT_LEADER_BCA_TRADING_FLEETS'	);

-----------------------------------------------
-- TraitModifiers
-----------------------------------------------

INSERT INTO TraitModifiers 
		(TraitType,									ModifierId											)
VALUES	('TRAIT_LEADER_BCA_TRADING_FLEETS',	'MODIFIER_BCA_TRADING_FLEETS_FISHING_BOAT_TRADE_ORIGIN_1'	),
		('TRAIT_LEADER_BCA_TRADING_FLEETS',	'MODIFIER_BCA_TRADING_FLEETS_FISHING_BOAT_TRADE_TARGET_1'	),
		('TRAIT_LEADER_BCA_TRADING_FLEETS',	'MODIFIER_BCA_TRADING_FLEETS_FISHING_BOAT_TRADE_ORIGIN_2'	),
		('TRAIT_LEADER_BCA_TRADING_FLEETS',	'MODIFIER_BCA_TRADING_FLEETS_FISHING_BOAT_TRADE_TARGET_2'	),
		('TRAIT_LEADER_BCA_TRADING_FLEETS',	'MODIFIER_BCA_TRADING_FLEETS_FISHING_BOAT_TRADE_ORIGIN_3'	),
		('TRAIT_LEADER_BCA_TRADING_FLEETS',	'MODIFIER_BCA_TRADING_FLEETS_FISHING_BOAT_TRADE_TARGET_3'	),
		('TRAIT_LEADER_BCA_TRADING_FLEETS',	'MODIFIER_BCA_TRADING_FLEETS_DISABLE_DOMESTIC'	);

-----------------------------------------------
-- DynamicModifiers
-----------------------------------------------

INSERT INTO DynamicModifiers
		(ModifierType, CollectionType, EffectType)
VALUES  ('MODIFIER_BCA_TRADING_FLEETS_PLAYER_ADJUST_TRADE_ROUTE_YIELD_PER_IMPROVEMENT_AT_ORIGIN', 'COLLECTION_OWNER', 'EFFECT_ADJUST_PLAYER_INTERNATIONAL_TRADE_ROUTE_YIELD_PER_IMPROVEMENT_IN_ORIGIN_CITY'),
		('MODIFIER_BCA_TRADING_FLEETS_PLAYER_ADJUST_TRADE_ROUTE_YIELD_PER_IMPROVEMENT_AT_TARGET', 'COLLECTION_OWNER', 'EFFECT_ADJUST_PLAYER_TRADE_ROUTE_YIELD_PER_IMPROVEMENT_IN_TARGET_CITY');

-----------------------------------------------
-- Modifiers
-----------------------------------------------

INSERT INTO Modifiers
		(ModifierId,											ModifierType,															Permanent, OwnerRequirementSetId)
VALUES	('MODIFIER_BCA_TRADING_FLEETS_FISHING_BOAT_TRADE_ORIGIN_1',	'MODIFIER_BCA_TRADING_FLEETS_PLAYER_ADJUST_TRADE_ROUTE_YIELD_PER_IMPROVEMENT_AT_ORIGIN',	'1', null),
		('MODIFIER_BCA_TRADING_FLEETS_FISHING_BOAT_TRADE_TARGET_1', 'MODIFIER_BCA_TRADING_FLEETS_PLAYER_ADJUST_TRADE_ROUTE_YIELD_PER_IMPROVEMENT_AT_TARGET', '1', null),
		('MODIFIER_BCA_TRADING_FLEETS_FISHING_BOAT_TRADE_ORIGIN_2',	'MODIFIER_BCA_TRADING_FLEETS_PLAYER_ADJUST_TRADE_ROUTE_YIELD_PER_IMPROVEMENT_AT_ORIGIN',	'1', 'REQSET_BCA_TRADING_FLEETS_HAS_MERCANTILISM'),
		('MODIFIER_BCA_TRADING_FLEETS_FISHING_BOAT_TRADE_TARGET_2', 'MODIFIER_BCA_TRADING_FLEETS_PLAYER_ADJUST_TRADE_ROUTE_YIELD_PER_IMPROVEMENT_AT_TARGET', '1', 'REQSET_BCA_TRADING_FLEETS_HAS_MERCANTILISM'),
		('MODIFIER_BCA_TRADING_FLEETS_FISHING_BOAT_TRADE_ORIGIN_3',	'MODIFIER_BCA_TRADING_FLEETS_PLAYER_ADJUST_TRADE_ROUTE_YIELD_PER_IMPROVEMENT_AT_ORIGIN',	'1', 'REQSET_BCA_TRADING_FLEETS_HAS_GLOBALIZATION'),
		('MODIFIER_BCA_TRADING_FLEETS_FISHING_BOAT_TRADE_TARGET_3', 'MODIFIER_BCA_TRADING_FLEETS_PLAYER_ADJUST_TRADE_ROUTE_YIELD_PER_IMPROVEMENT_AT_TARGET', '1', 'REQSET_BCA_TRADING_FLEETS_HAS_GLOBALIZATION'),
		('MODIFIER_BCA_TRADING_FLEETS_DISABLE_DOMESTIC',	'MODIFIER_PLAYER_TRADE_ROUTES_DISABLE', '1', null);

-----------------------------------------------
-- ModifierArguments
-----------------------------------------------

INSERT INTO ModifierArguments 
		(ModifierId,											Name,					Value)
VALUES	('MODIFIER_BCA_TRADING_FLEETS_FISHING_BOAT_TRADE_ORIGIN_1',	'Amount',				'2'	),
		('MODIFIER_BCA_TRADING_FLEETS_FISHING_BOAT_TRADE_ORIGIN_1',	'YieldType',			'YIELD_GOLD'	),
		('MODIFIER_BCA_TRADING_FLEETS_FISHING_BOAT_TRADE_ORIGIN_1',	'ImprovementType',		'IMPROVEMENT_FISHING_BOATS'	),
		('MODIFIER_BCA_TRADING_FLEETS_FISHING_BOAT_TRADE_TARGET_1',	'Amount',				'2'	),
		('MODIFIER_BCA_TRADING_FLEETS_FISHING_BOAT_TRADE_TARGET_1',	'YieldType',			'YIELD_GOLD'	),
		('MODIFIER_BCA_TRADING_FLEETS_FISHING_BOAT_TRADE_TARGET_1',	'ImprovementType',		'IMPROVEMENT_FISHING_BOATS'	),
		('MODIFIER_BCA_TRADING_FLEETS_FISHING_BOAT_TRADE_TARGET_1',	'Origin',		'1'	),
		('MODIFIER_BCA_TRADING_FLEETS_FISHING_BOAT_TRADE_ORIGIN_2',	'Amount',				'1'	),
		('MODIFIER_BCA_TRADING_FLEETS_FISHING_BOAT_TRADE_ORIGIN_2',	'YieldType',			'YIELD_GOLD'	),
		('MODIFIER_BCA_TRADING_FLEETS_FISHING_BOAT_TRADE_ORIGIN_2',	'ImprovementType',		'IMPROVEMENT_FISHING_BOATS'	),
		('MODIFIER_BCA_TRADING_FLEETS_FISHING_BOAT_TRADE_TARGET_2',	'Amount',				'1'	),
		('MODIFIER_BCA_TRADING_FLEETS_FISHING_BOAT_TRADE_TARGET_2',	'YieldType',			'YIELD_GOLD'	),
		('MODIFIER_BCA_TRADING_FLEETS_FISHING_BOAT_TRADE_TARGET_2',	'ImprovementType',		'IMPROVEMENT_FISHING_BOATS'	),
		('MODIFIER_BCA_TRADING_FLEETS_FISHING_BOAT_TRADE_TARGET_2',	'Origin',		'1'	),
		('MODIFIER_BCA_TRADING_FLEETS_FISHING_BOAT_TRADE_ORIGIN_3',	'Amount',				'1'	),
		('MODIFIER_BCA_TRADING_FLEETS_FISHING_BOAT_TRADE_ORIGIN_3',	'YieldType',			'YIELD_GOLD'	),
		('MODIFIER_BCA_TRADING_FLEETS_FISHING_BOAT_TRADE_ORIGIN_3',	'ImprovementType',		'IMPROVEMENT_FISHING_BOATS'	),
		('MODIFIER_BCA_TRADING_FLEETS_FISHING_BOAT_TRADE_TARGET_3',	'Amount',				'1'	),
		('MODIFIER_BCA_TRADING_FLEETS_FISHING_BOAT_TRADE_TARGET_3',	'YieldType',			'YIELD_GOLD'	),
		('MODIFIER_BCA_TRADING_FLEETS_FISHING_BOAT_TRADE_TARGET_3',	'ImprovementType',		'IMPROVEMENT_FISHING_BOATS'	),
		('MODIFIER_BCA_TRADING_FLEETS_FISHING_BOAT_TRADE_TARGET_3',	'Origin',		'1'	),
		('MODIFIER_BCA_TRADING_FLEETS_DISABLE_DOMESTIC',	'Domestic',		'1'	);


-----------------------------------------------
-- RequirementSets
-----------------------------------------------

INSERT INTO RequirementSets
		(RequirementSetId,						RequirementSetType				)
VALUES	('REQSET_BCA_TRADING_FLEETS_HAS_MERCANTILISM', 'REQUIREMENTSET_TEST_ALL'),
		('REQSET_BCA_TRADING_FLEETS_HAS_GLOBALIZATION', 'REQUIREMENTSET_TEST_ALL');

-------------------------------------
-- RequirementSetRequirements
-------------------------------------
INSERT INTO RequirementSetRequirements
		(RequirementSetId,						RequirementId									)
VALUES	('REQSET_BCA_TRADING_FLEETS_HAS_MERCANTILISM', 'REQUIREMENT_BCA_TRADING_FLEETS_HAS_MERCANTILISM'),
		('REQSET_BCA_TRADING_FLEETS_HAS_GLOBALIZATION', 'REQUIREMENT_BCA_TRADING_FLEETS_HAS_GLOBALIZATION');

-------------------------------------
-- Requirements
-------------------------------------
INSERT INTO Requirements
		(RequirementId, 									RequirementType)
VALUES	('REQUIREMENT_BCA_TRADING_FLEETS_HAS_MERCANTILISM', 'REQUIREMENT_PLAYER_HAS_CIVIC'),
		('REQUIREMENT_BCA_TRADING_FLEETS_HAS_GLOBALIZATION', 'REQUIREMENT_PLAYER_HAS_CIVIC');

-------------------------------------
-- RequirementArguments
-------------------------------------

INSERT INTO RequirementArguments
		(RequirementId, 								Name,						Value							)
VALUES	('REQUIREMENT_BCA_TRADING_FLEETS_HAS_MERCANTILISM', 'CivicType', 'CIVIC_MERCANTILISM'),
		('REQUIREMENT_BCA_TRADING_FLEETS_HAS_GLOBALIZATION', 'CivicType', 'CIVIC_GLOBALIZATION');
		

*/