/*
	Core Leader Definition
	Author: Baconace
	Template by MC
*/

-----------------------------------------------
-- Dalinar
-----------------------------------------------

-----------------------------------------------
-- Types
-----------------------------------------------

INSERT INTO	Types
			(Type,					Kind			)
VALUES		('LEADER_BCA_DALINAR',	'KIND_LEADER'	);
		
-----------------------------------------------
-- Leaders
-----------------------------------------------

INSERT INTO	Leaders
			(LeaderType,			Name,							InheritFrom,		SceneLayers		)
VALUES		('LEADER_BCA_DALINAR',	'LOC_LEADER_BCA_DALINAR_NAME',	'LEADER_DEFAULT', 	4				);

-----------------------------------------------
-- CivilizationLeaders
-----------------------------------------------

INSERT INTO	CivilizationLeaders
			(CivilizationType,				LeaderType,				CapitalName					)
VALUES		('CIVILIZATION_BCA_ALETHKAR',		'LEADER_BCA_DALINAR',	'LOC_CITY_NAME_BCA_ALETHKAR_1'	);
		
-----------------------------------------------
-- LeaderQuotes
-----------------------------------------------

INSERT INTO	LeaderQuotes
			(LeaderType,			Quote										)
VALUES		('LEADER_BCA_DALINAR',	'LOC_PEDIA_LEADERS_PAGE_BCA_DALINAR_QUOTE'	);

-----------------------------------------------
-- CityNames
-----------------------------------------------

INSERT INTO	CityNames
			(CivilizationType,				LeaderType,				SortIndex,	CityName						)
VALUES		('CIVILIZATION_BCA_ALETHKAR',		'LEADER_BCA_DALINAR',	-1,			'LOC_CITY_NAME_BCA_ALETHKAR_1'		),
			('CIVILIZATION_BCA_ALETHKAR',		'LEADER_BCA_DALINAR',	-1,			'LOC_CITY_NAME_BCA_ALETHKAR_2'		),
			('CIVILIZATION_BCA_ALETHKAR',		'LEADER_BCA_DALINAR',	-1,			'LOC_CITY_NAME_BCA_ALETHKAR_3'		),
			('CIVILIZATION_BCA_ALETHKAR',		'LEADER_BCA_DALINAR',	-1,			'LOC_CITY_NAME_BCA_ALETHKAR_4'		),
			('CIVILIZATION_BCA_ALETHKAR',		'LEADER_BCA_DALINAR',	-1,			'LOC_CITY_NAME_BCA_ALETHKAR_5'		),
			('CIVILIZATION_BCA_ALETHKAR',		'LEADER_BCA_DALINAR',	-1,			'LOC_CITY_NAME_BCA_ALETHKAR_6'		),
			('CIVILIZATION_BCA_ALETHKAR',		'LEADER_BCA_DALINAR',	-1,			'LOC_CITY_NAME_BCA_ALETHKAR_7'		),
			('CIVILIZATION_BCA_ALETHKAR',		'LEADER_BCA_DALINAR',	-1,			'LOC_CITY_NAME_BCA_ALETHKAR_8'		),
			('CIVILIZATION_BCA_ALETHKAR',		'LEADER_BCA_DALINAR',	-1,			'LOC_CITY_NAME_BCA_ALETHKAR_9'		),
			('CIVILIZATION_BCA_ALETHKAR',		'LEADER_BCA_DALINAR',	-1,			'LOC_CITY_NAME_BCA_ALETHKAR_10'		),
			('CIVILIZATION_BCA_ALETHKAR',		'LEADER_BCA_DALINAR',	-1,			'LOC_CITY_NAME_BCA_ALETHKAR_11'		),
			('CIVILIZATION_BCA_ALETHKAR',		'LEADER_BCA_DALINAR',	-1,			'LOC_CITY_NAME_BCA_ALETHKAR_12'		),
			('CIVILIZATION_BCA_ALETHKAR',		'LEADER_BCA_DALINAR',	-1,			'LOC_CITY_NAME_BCA_ALETHKAR_13'		),
			('CIVILIZATION_BCA_ALETHKAR',		'LEADER_BCA_DALINAR',	-1,			'LOC_CITY_NAME_BCA_ALETHKAR_14'		),
			('CIVILIZATION_BCA_ALETHKAR',		'LEADER_BCA_DALINAR',	-1,			'LOC_CITY_NAME_BCA_ALETHKAR_15'		);






-----------------------------------------------
-- Jasnah
-----------------------------------------------

-----------------------------------------------
-- Types
-----------------------------------------------

INSERT INTO	Types
			(Type,					Kind			)
VALUES		('LEADER_BCA_JASNAH',	'KIND_LEADER'	);
		
-----------------------------------------------
-- Leaders
-----------------------------------------------

INSERT INTO	Leaders
			(LeaderType,			Name,							InheritFrom,		SceneLayers		)
VALUES		('LEADER_BCA_JASNAH',	'LOC_LEADER_BCA_JASNAH_NAME',	'LEADER_DEFAULT', 	4				);

-----------------------------------------------
-- CivilizationLeaders
-----------------------------------------------

INSERT INTO	CivilizationLeaders
			(CivilizationType,				LeaderType,				CapitalName					)
VALUES		('CIVILIZATION_BCA_ALETHKAR',		'LEADER_BCA_JASNAH',	'LOC_CITY_NAME_BCA_ALETHKAR_1'	);
		
-----------------------------------------------
-- LeaderQuotes
-----------------------------------------------

INSERT INTO	LeaderQuotes
			(LeaderType,			Quote										)
VALUES		('LEADER_BCA_JASNAH',	'LOC_PEDIA_LEADERS_PAGE_BCA_JASNAH_QUOTE'	);

-----------------------------------------------
-- CityNames
-----------------------------------------------

INSERT INTO	CityNames
			(CivilizationType,				LeaderType,				SortIndex,	CityName						)
VALUES		('CIVILIZATION_BCA_ALETHKAR',		'LEADER_BCA_JASNAH',	-1,			'LOC_CITY_NAME_BCA_ALETHKAR_1'		),
			('CIVILIZATION_BCA_ALETHKAR',		'LEADER_BCA_JASNAH',	-1,			'LOC_CITY_NAME_BCA_ALETHKAR_2'		),
			('CIVILIZATION_BCA_ALETHKAR',		'LEADER_BCA_JASNAH',	-1,			'LOC_CITY_NAME_BCA_ALETHKAR_3'		),
			('CIVILIZATION_BCA_ALETHKAR',		'LEADER_BCA_JASNAH',	-1,			'LOC_CITY_NAME_BCA_ALETHKAR_4'		),
			('CIVILIZATION_BCA_ALETHKAR',		'LEADER_BCA_JASNAH',	-1,			'LOC_CITY_NAME_BCA_ALETHKAR_5'		),
			('CIVILIZATION_BCA_ALETHKAR',		'LEADER_BCA_JASNAH',	-1,			'LOC_CITY_NAME_BCA_ALETHKAR_6'		),
			('CIVILIZATION_BCA_ALETHKAR',		'LEADER_BCA_JASNAH',	-1,			'LOC_CITY_NAME_BCA_ALETHKAR_7'		),
			('CIVILIZATION_BCA_ALETHKAR',		'LEADER_BCA_JASNAH',	-1,			'LOC_CITY_NAME_BCA_ALETHKAR_8'		),
			('CIVILIZATION_BCA_ALETHKAR',		'LEADER_BCA_JASNAH',	-1,			'LOC_CITY_NAME_BCA_ALETHKAR_9'		),
			('CIVILIZATION_BCA_ALETHKAR',		'LEADER_BCA_JASNAH',	-1,			'LOC_CITY_NAME_BCA_ALETHKAR_10'		),
			('CIVILIZATION_BCA_ALETHKAR',		'LEADER_BCA_JASNAH',	-1,			'LOC_CITY_NAME_BCA_ALETHKAR_11'		),
			('CIVILIZATION_BCA_ALETHKAR',		'LEADER_BCA_JASNAH',	-1,			'LOC_CITY_NAME_BCA_ALETHKAR_12'		),
			('CIVILIZATION_BCA_ALETHKAR',		'LEADER_BCA_JASNAH',	-1,			'LOC_CITY_NAME_BCA_ALETHKAR_13'		),
			('CIVILIZATION_BCA_ALETHKAR',		'LEADER_BCA_JASNAH',	-1,			'LOC_CITY_NAME_BCA_ALETHKAR_14'		),
			('CIVILIZATION_BCA_ALETHKAR',		'LEADER_BCA_JASNAH',	-1,			'LOC_CITY_NAME_BCA_ALETHKAR_15'		);
